category,year_month,n,k,prev,feature
764,2021-08-01,1,0,0,Identity Fusion
764,2021-09-01,1,0,0,Identity Fusion
764,2021-10-01,3,0,0,Identity Fusion
764,2021-11-01,25,0,0,Identity Fusion
764,2021-12-01,48,0,0,Identity Fusion
764,2022-01-01,164,0,0,Identity Fusion
764,2022-02-01,79,0,0,Identity Fusion
764,2022-03-01,25,0,0,Identity Fusion
764,2022-04-01,26982,18,6.6711140760507e-4,Identity Fusion
764,2022-05-01,12852,15,0.0011671335200746965,Identity Fusion
764,2022-06-01,54185,43,7.935775583648611e-4,Identity Fusion
764,2022-07-01,35853,22,6.136167126879202e-4,Identity Fusion
764,2022-08-01,18870,11,5.829358770535241e-4,Identity Fusion
764,2022-09-01,5685,3,5.277044854881266e-4,Identity Fusion
764,2022-10-01,3523,1,2.838489923360772e-4,Identity Fusion
764,2022-11-01,1746,5,0.0028636884306987398,Identity Fusion
764,2022-12-01,3920,5,0.0012755102040816326,Identity Fusion
764,2023-01-01,438,0,0,Identity Fusion
764,2023-02-01,1472,1,6.793478260869565e-4,Identity Fusion
764,2023-03-01,46564,28,6.013229104028864e-4,Identity Fusion
764,2023-04-01,43206,35,8.100726750914224e-4,Identity Fusion
764,2023-05-01,10,0,0,Identity Fusion
764,2023-06-01,44056,34,7.717450517523152e-4,Identity Fusion
terrorgram,2020-07-01,22,0,0,Identity Fusion
terrorgram,2020-08-01,265,3,0.011320754716981131,Identity Fusion
terrorgram,2020-09-01,174,1,0.005747126436781609,Identity Fusion
terrorgram,2020-10-01,25,0,0,Identity Fusion
terrorgram,2020-11-01,1,0,0,Identity Fusion
terrorgram,2020-12-01,1,0,0,Identity Fusion
terrorgram,2021-03-01,62,0,0,Identity Fusion
terrorgram,2021-04-01,5,0,0,Identity Fusion
terrorgram,2021-05-01,2,0,0,Identity Fusion
terrorgram,2021-06-01,1,0,0,Identity Fusion
terrorgram,2021-07-01,15,0,0,Identity Fusion
terrorgram,2021-08-01,1,0,0,Identity Fusion
terrorgram,2021-09-01,4,0,0,Identity Fusion
terrorgram,2021-10-01,6,0,0,Identity Fusion
terrorgram,2021-11-01,1,0,0,Identity Fusion
terrorgram,2021-12-01,15,0,0,Identity Fusion
terrorgram,2022-01-01,784,4,0.00510204081632653,Identity Fusion
terrorgram,2022-02-01,2058,13,0.006316812439261419,Identity Fusion
terrorgram,2022-03-01,329,4,0.0121580547112462,Identity Fusion
terrorgram,2022-04-01,763,8,0.010484927916120577,Identity Fusion
terrorgram,2022-05-01,545,10,0.01834862385321101,Identity Fusion
terrorgram,2022-06-01,492,6,0.012195121951219513,Identity Fusion
terrorgram,2022-07-01,652,13,0.019938650306748466,Identity Fusion
terrorgram,2022-08-01,1059,7,0.0066100094428706326,Identity Fusion
terrorgram,2022-09-01,9519,47,0.0049374934341842635,Identity Fusion
terrorgram,2022-10-01,6419,56,0.008724100327153763,Identity Fusion
terrorgram,2022-11-01,7813,79,0.010111352873416102,Identity Fusion
terrorgram,2022-12-01,14319,90,0.006285355122564425,Identity Fusion
terrorgram,2023-01-01,13181,102,0.007738411349669979,Identity Fusion
terrorgram,2023-02-01,8782,38,0.0043270325666135276,Identity Fusion
terrorgram,2023-03-01,12686,48,0.0037836985653476275,Identity Fusion
terrorgram,2023-04-01,5953,48,0.008063161431211155,Identity Fusion
terrorgram,2023-05-01,717,11,0.015341701534170154,Identity Fusion
terrorgram,2023-06-01,703,17,0.02418207681365576,Identity Fusion
terrorgram,2023-07-01,1004,11,0.010956175298804782,Identity Fusion
terrorgram,2023-08-01,725,10,0.013793103448275862,Identity Fusion
terrorgram,2023-09-01,892,9,0.010089686098654708,Identity Fusion
terrorgram,2023-10-01,1459,19,0.013022618231665525,Identity Fusion
terrorgram,2023-11-01,620,6,0.00967741935483871,Identity Fusion
terrorgram,2023-12-01,1483,12,0.008091706001348618,Identity Fusion
terrorgram,2024-01-01,4453,59,0.013249494722658881,Identity Fusion
terrorgram,2024-02-01,4053,62,0.015297310634098199,Identity Fusion
terrorgram,2024-03-01,2725,47,0.01724770642201835,Identity Fusion
terrorgram,2024-04-01,3134,54,0.01723037651563497,Identity Fusion
terrorgram,2024-05-01,4220,67,0.015876777251184835,Identity Fusion
terrorgram,2024-06-01,132,0,0,Identity Fusion
terrorgram,2024-07-01,1350,6,0.0044444444444444444,Identity Fusion
white-supremacist,2021-03-01,1549,11,0.0071013557133634605,Identity Fusion
white-supremacist,2021-04-01,1944,14,0.00720164609053498,Identity Fusion
white-supremacist,2021-05-01,3831,22,0.005742625946228139,Identity Fusion
white-supremacist,2021-06-01,2461,9,0.0036570499796830555,Identity Fusion
white-supremacist,2021-07-01,1497,8,0.005344021376085505,Identity Fusion
white-supremacist,2021-08-01,1599,19,0.011882426516572859,Identity Fusion
white-supremacist,2021-09-01,1770,13,0.007344632768361582,Identity Fusion
white-supremacist,2021-10-01,1637,9,0.005497861942577886,Identity Fusion
white-supremacist,2021-11-01,2454,31,0.01263243683781581,Identity Fusion
white-supremacist,2021-12-01,2221,27,0.012156686177397569,Identity Fusion
white-supremacist,2022-01-01,2049,15,0.007320644216691069,Identity Fusion
white-supremacist,2022-02-01,1646,7,0.00425273390036452,Identity Fusion
white-supremacist,2022-03-01,1937,26,0.013422818791946308,Identity Fusion
white-supremacist,2022-04-01,1502,6,0.0039946737683089215,Identity Fusion
white-supremacist,2022-05-01,2712,24,0.008849557522123894,Identity Fusion
white-supremacist,2022-06-01,9351,58,0.00620254518233344,Identity Fusion
white-supremacist,2022-07-01,5918,34,0.005745184183845894,Identity Fusion
white-supremacist,2022-08-01,5915,37,0.006255283178360101,Identity Fusion
white-supremacist,2022-09-01,4385,32,0.007297605473204105,Identity Fusion
white-supremacist,2022-10-01,7552,45,0.005958686440677966,Identity Fusion
white-supremacist,2022-11-01,7621,48,0.006298386038577615,Identity Fusion
white-supremacist,2022-12-01,8049,56,0.006957386010684557,Identity Fusion
white-supremacist,2023-01-01,11729,54,0.004603973058231734,Identity Fusion
white-supremacist,2023-02-01,9085,41,0.004512933406714365,Identity Fusion
white-supremacist,2023-03-01,8761,45,0.005136399954343111,Identity Fusion
white-supremacist,2023-04-01,7766,27,0.003476693278392995,Identity Fusion
white-supremacist,2023-05-01,8630,21,0.002433371958285052,Identity Fusion
white-supremacist,2023-06-01,10900,51,0.004678899082568807,Identity Fusion
white-supremacist,2023-07-01,21411,69,0.003222642566904862,Identity Fusion
white-supremacist,2023-08-01,22274,78,0.003501840711143037,Identity Fusion
white-supremacist,2023-09-01,22828,76,0.003329244787103557,Identity Fusion
white-supremacist,2023-10-01,19700,59,0.00299492385786802,Identity Fusion
white-supremacist,2023-11-01,19743,71,0.0035962113154029275,Identity Fusion
white-supremacist,2023-12-01,17593,55,0.0031262433922582844,Identity Fusion
white-supremacist,2024-01-01,12947,32,0.002471615045956592,Identity Fusion
white-supremacist,2024-02-01,16551,47,0.0028397075705395443,Identity Fusion
white-supremacist,2024-03-01,23298,62,0.002661172632844021,Identity Fusion
white-supremacist,2024-04-01,14651,55,0.0037540099651900893,Identity Fusion
white-supremacist,2024-05-01,1172,3,0.002559726962457338,Identity Fusion
white-supremacist,2024-06-01,9,1,0.1111111111111111,Identity Fusion
white-supremacist,2024-07-01,5,2,0.4,Identity Fusion
white-supremacist,2024-08-01,48,2,0.041666666666666664,Identity Fusion
764,2021-08-01,1,0,0,Violence Condoning
764,2021-09-01,1,0,0,Violence Condoning
764,2021-10-01,3,0,0,Violence Condoning
764,2021-11-01,25,0,0,Violence Condoning
764,2021-12-01,48,1,0.020833333333333332,Violence Condoning
764,2022-01-01,164,1,0.006097560975609756,Violence Condoning
764,2022-02-01,79,2,0.02531645569620253,Violence Condoning
764,2022-03-01,25,0,0,Violence Condoning
764,2022-04-01,26987,382,0.0141549635009449,Violence Condoning
764,2022-05-01,12855,228,0.017736289381563596,Violence Condoning
764,2022-06-01,54199,797,0.01470506835919482,Violence Condoning
764,2022-07-01,35862,571,0.01592214600412693,Violence Condoning
764,2022-08-01,18875,288,0.015258278145695364,Violence Condoning
764,2022-09-01,5692,147,0.025825720309205904,Violence Condoning
764,2022-10-01,3523,100,0.02838489923360772,Violence Condoning
764,2022-11-01,1747,54,0.030910131654264452,Violence Condoning
764,2022-12-01,3925,124,0.03159235668789809,Violence Condoning
764,2023-01-01,439,10,0.022779043280182234,Violence Condoning
764,2023-02-01,1473,21,0.014256619144602852,Violence Condoning
764,2023-03-01,46584,725,0.015563283530826035,Violence Condoning
764,2023-04-01,43212,755,0.017471998518929926,Violence Condoning
764,2023-05-01,10,2,0.2,Violence Condoning
764,2023-06-01,44064,857,0.019448983297022514,Violence Condoning
terrorgram,2020-07-01,22,2,0.09090909090909091,Violence Condoning
terrorgram,2020-08-01,265,22,0.0830188679245283,Violence Condoning
terrorgram,2020-09-01,174,15,0.08620689655172414,Violence Condoning
terrorgram,2020-10-01,25,1,0.04,Violence Condoning
terrorgram,2020-11-01,1,0,0,Violence Condoning
terrorgram,2020-12-01,1,0,0,Violence Condoning
terrorgram,2021-03-01,62,13,0.20967741935483872,Violence Condoning
terrorgram,2021-04-01,5,0,0,Violence Condoning
terrorgram,2021-05-01,2,0,0,Violence Condoning
terrorgram,2021-06-01,1,0,0,Violence Condoning
terrorgram,2021-07-01,15,1,0.06666666666666667,Violence Condoning
terrorgram,2021-08-01,1,0,0,Violence Condoning
terrorgram,2021-09-01,4,0,0,Violence Condoning
terrorgram,2021-10-01,6,0,0,Violence Condoning
terrorgram,2021-11-01,1,0,0,Violence Condoning
terrorgram,2021-12-01,15,0,0,Violence Condoning
terrorgram,2022-01-01,784,35,0.044642857142857144,Violence Condoning
terrorgram,2022-02-01,2058,99,0.048104956268221574,Violence Condoning
terrorgram,2022-03-01,329,56,0.1702127659574468,Violence Condoning
terrorgram,2022-04-01,764,69,0.09031413612565445,Violence Condoning
terrorgram,2022-05-01,545,48,0.08807339449541285,Violence Condoning
terrorgram,2022-06-01,492,30,0.06097560975609756,Violence Condoning
terrorgram,2022-07-01,652,49,0.07515337423312883,Violence Condoning
terrorgram,2022-08-01,1059,75,0.0708215297450425,Violence Condoning
terrorgram,2022-09-01,9522,430,0.045158580130224744,Violence Condoning
terrorgram,2022-10-01,6421,388,0.06042672480921975,Violence Condoning
terrorgram,2022-11-01,7818,475,0.06075722691225377,Violence Condoning
terrorgram,2022-12-01,14322,571,0.039868733417120515,Violence Condoning
terrorgram,2023-01-01,13185,505,0.03830109973454683,Violence Condoning
terrorgram,2023-02-01,8784,304,0.03460837887067395,Violence Condoning
terrorgram,2023-03-01,12686,325,0.025618792369541225,Violence Condoning
terrorgram,2023-04-01,5956,269,0.0451645399597045,Violence Condoning
terrorgram,2023-05-01,717,68,0.09483960948396095,Violence Condoning
terrorgram,2023-06-01,704,105,0.14914772727272727,Violence Condoning
terrorgram,2023-07-01,1004,58,0.05776892430278884,Violence Condoning
terrorgram,2023-08-01,725,48,0.06620689655172414,Violence Condoning
terrorgram,2023-09-01,892,43,0.04820627802690583,Violence Condoning
terrorgram,2023-10-01,1459,180,0.12337217272104181,Violence Condoning
terrorgram,2023-11-01,621,75,0.12077294685990338,Violence Condoning
terrorgram,2023-12-01,1482,100,0.06747638326585695,Violence Condoning
terrorgram,2024-01-01,4453,272,0.06108241634852908,Violence Condoning
terrorgram,2024-02-01,4054,266,0.06561420818944252,Violence Condoning
terrorgram,2024-03-01,2726,205,0.0752017608217168,Violence Condoning
terrorgram,2024-04-01,3135,313,0.09984051036682616,Violence Condoning
terrorgram,2024-05-01,4222,281,0.0665561345333965,Violence Condoning
terrorgram,2024-06-01,132,0,0,Violence Condoning
terrorgram,2024-07-01,1351,24,0.01776461880088823,Violence Condoning
white-supremacist,2021-03-01,1549,118,0.07617817947062622,Violence Condoning
white-supremacist,2021-04-01,1945,164,0.08431876606683805,Violence Condoning
white-supremacist,2021-05-01,3831,250,0.06525711302531977,Violence Condoning
white-supremacist,2021-06-01,2462,155,0.06295694557270512,Violence Condoning
white-supremacist,2021-07-01,1498,110,0.07343124165554073,Violence Condoning
white-supremacist,2021-08-01,1600,127,0.079375,Violence Condoning
white-supremacist,2021-09-01,1770,127,0.07175141242937853,Violence Condoning
white-supremacist,2021-10-01,1638,124,0.0757020757020757,Violence Condoning
white-supremacist,2021-11-01,2454,204,0.08312958435207823,Violence Condoning
white-supremacist,2021-12-01,2223,143,0.06432748538011696,Violence Condoning
white-supremacist,2022-01-01,2049,113,0.05514885309907272,Violence Condoning
white-supremacist,2022-02-01,1648,112,0.06796116504854369,Violence Condoning
white-supremacist,2022-03-01,1936,131,0.06766528925619834,Violence Condoning
white-supremacist,2022-04-01,1502,92,0.06125166444740346,Violence Condoning
white-supremacist,2022-05-01,2713,146,0.0538149649834132,Violence Condoning
white-supremacist,2022-06-01,9351,487,0.052079991444765265,Violence Condoning
white-supremacist,2022-07-01,5918,269,0.045454545454545456,Violence Condoning
white-supremacist,2022-08-01,5915,287,0.0485207100591716,Violence Condoning
white-supremacist,2022-09-01,4387,204,0.04650102575792113,Violence Condoning
white-supremacist,2022-10-01,7552,272,0.036016949152542374,Violence Condoning
white-supremacist,2022-11-01,7621,272,0.03569085421860648,Violence Condoning
white-supremacist,2022-12-01,8050,264,0.03279503105590062,Violence Condoning
white-supremacist,2023-01-01,11732,496,0.04227753153767474,Violence Condoning
white-supremacist,2023-02-01,9087,362,0.03983712996588533,Violence Condoning
white-supremacist,2023-03-01,8760,397,0.045319634703196346,Violence Condoning
white-supremacist,2023-04-01,7766,252,0.03244913726500129,Violence Condoning
white-supremacist,2023-05-01,8630,327,0.03789107763615295,Violence Condoning
white-supremacist,2023-06-01,10897,412,0.037808571166376065,Violence Condoning
white-supremacist,2023-07-01,21419,786,0.03669639105467109,Violence Condoning
white-supremacist,2023-08-01,22278,887,0.0398150641888859,Violence Condoning
white-supremacist,2023-09-01,22828,963,0.042185035920799016,Violence Condoning
white-supremacist,2023-10-01,19700,1251,0.06350253807106598,Violence Condoning
white-supremacist,2023-11-01,19746,791,0.04005874607515446,Violence Condoning
white-supremacist,2023-12-01,17594,787,0.044731158349437306,Violence Condoning
white-supremacist,2024-01-01,12951,570,0.044012045401899465,Violence Condoning
white-supremacist,2024-02-01,16553,674,0.04071769467770193,Violence Condoning
white-supremacist,2024-03-01,23299,985,0.04227649255332847,Violence Condoning
white-supremacist,2024-04-01,14651,543,0.03706231656542216,Violence Condoning
white-supremacist,2024-05-01,1172,45,0.03839590443686007,Violence Condoning
white-supremacist,2024-06-01,9,2,0.2222222222222222,Violence Condoning
white-supremacist,2024-07-01,5,3,0.6,Violence Condoning
white-supremacist,2024-08-01,48,7,0.14583333333333334,Violence Condoning
764,2021-08-01,1,0,0,Existential Threat
764,2021-09-01,1,0,0,Existential Threat
764,2021-10-01,3,0,0,Existential Threat
764,2021-11-01,25,0,0,Existential Threat
764,2021-12-01,48,0,0,Existential Threat
764,2022-01-01,164,0,0,Existential Threat
764,2022-02-01,79,0,0,Existential Threat
764,2022-03-01,25,0,0,Existential Threat
764,2022-04-01,26986,9,3.335062625064848e-4,Existential Threat
764,2022-05-01,12853,5,3.890142379211079e-4,Existential Threat
764,2022-06-01,54196,21,3.874824710310724e-4,Existential Threat
764,2022-07-01,35858,34,9.481845055496681e-4,Existential Threat
764,2022-08-01,18874,6,3.178976369608986e-4,Existential Threat
764,2022-09-01,5691,1,1.7571604287471446e-4,Existential Threat
764,2022-10-01,3523,3,8.515469770082316e-4,Existential Threat
764,2022-11-01,1747,4,0.0022896393817973667,Existential Threat
764,2022-12-01,3925,5,0.0012738853503184713,Existential Threat
764,2023-01-01,438,0,0,Existential Threat
764,2023-02-01,1473,0,0,Existential Threat
764,2023-03-01,46581,16,3.434876881131792e-4,Existential Threat
764,2023-04-01,43210,18,4.165702383707475e-4,Existential Threat
764,2023-05-01,10,0,0,Existential Threat
764,2023-06-01,44064,18,4.084967320261438e-4,Existential Threat
terrorgram,2020-07-01,22,1,0.045454545454545456,Existential Threat
terrorgram,2020-08-01,265,29,0.10943396226415095,Existential Threat
terrorgram,2020-09-01,174,9,0.05172413793103448,Existential Threat
terrorgram,2020-10-01,25,2,0.08,Existential Threat
terrorgram,2020-11-01,1,0,0,Existential Threat
terrorgram,2020-12-01,1,0,0,Existential Threat
terrorgram,2021-03-01,62,11,0.1774193548387097,Existential Threat
terrorgram,2021-04-01,5,1,0.2,Existential Threat
terrorgram,2021-05-01,2,0,0,Existential Threat
terrorgram,2021-06-01,1,0,0,Existential Threat
terrorgram,2021-07-01,15,3,0.2,Existential Threat
terrorgram,2021-08-01,1,1,1,Existential Threat
terrorgram,2021-09-01,4,0,0,Existential Threat
terrorgram,2021-10-01,6,0,0,Existential Threat
terrorgram,2021-11-01,1,0,0,Existential Threat
terrorgram,2021-12-01,15,1,0.06666666666666667,Existential Threat
terrorgram,2022-01-01,784,7,0.008928571428571428,Existential Threat
terrorgram,2022-02-01,2059,29,0.014084507042253521,Existential Threat
terrorgram,2022-03-01,329,21,0.06382978723404255,Existential Threat
terrorgram,2022-04-01,764,19,0.024869109947643978,Existential Threat
terrorgram,2022-05-01,545,19,0.03486238532110092,Existential Threat
terrorgram,2022-06-01,491,21,0.04276985743380855,Existential Threat
terrorgram,2022-07-01,652,16,0.024539877300613498,Existential Threat
terrorgram,2022-08-01,1059,22,0.02077431539187913,Existential Threat
terrorgram,2022-09-01,9522,91,0.00955681579500105,Existential Threat
terrorgram,2022-10-01,6422,136,0.02117720336343818,Existential Threat
terrorgram,2022-11-01,7816,136,0.017400204708290685,Existential Threat
terrorgram,2022-12-01,14321,154,0.01075343900565603,Existential Threat
terrorgram,2023-01-01,13182,162,0.012289485662266727,Existential Threat
terrorgram,2023-02-01,8786,91,0.010357386751650353,Existential Threat
terrorgram,2023-03-01,12684,86,0.006780195521917377,Existential Threat
terrorgram,2023-04-01,5954,95,0.015955660060463554,Existential Threat
terrorgram,2023-05-01,718,42,0.0584958217270195,Existential Threat
terrorgram,2023-06-01,704,40,0.056818181818181816,Existential Threat
terrorgram,2023-07-01,1003,50,0.049850448654037885,Existential Threat
terrorgram,2023-08-01,725,33,0.04551724137931035,Existential Threat
terrorgram,2023-09-01,892,37,0.04147982062780269,Existential Threat
terrorgram,2023-10-01,1458,125,0.08573388203017833,Existential Threat
terrorgram,2023-11-01,621,53,0.0853462157809984,Existential Threat
terrorgram,2023-12-01,1484,96,0.0646900269541779,Existential Threat
terrorgram,2024-01-01,4453,239,0.05367168201212666,Existential Threat
terrorgram,2024-02-01,4054,183,0.04514060187469166,Existential Threat
terrorgram,2024-03-01,2726,171,0.06272927366104182,Existential Threat
terrorgram,2024-04-01,3135,182,0.05805422647527911,Existential Threat
terrorgram,2024-05-01,4221,189,0.04477611940298507,Existential Threat
terrorgram,2024-06-01,132,0,0,Existential Threat
terrorgram,2024-07-01,1351,4,0.0029607698001480384,Existential Threat
white-supremacist,2021-03-01,1548,56,0.03617571059431524,Existential Threat
white-supremacist,2021-04-01,1944,64,0.03292181069958848,Existential Threat
white-supremacist,2021-05-01,3830,80,0.020887728459530026,Existential Threat
white-supremacist,2021-06-01,2462,79,0.032087733549959384,Existential Threat
white-supremacist,2021-07-01,1498,71,0.04739652870493992,Existential Threat
white-supremacist,2021-08-01,1598,84,0.052565707133917394,Existential Threat
white-supremacist,2021-09-01,1770,60,0.03389830508474576,Existential Threat
white-supremacist,2021-10-01,1638,63,0.038461538461538464,Existential Threat
white-supremacist,2021-11-01,2454,84,0.034229828850855744,Existential Threat
white-supremacist,2021-12-01,2221,76,0.034218820351193155,Existential Threat
white-supremacist,2022-01-01,2049,58,0.028306490971205467,Existential Threat
white-supremacist,2022-02-01,1647,33,0.020036429872495445,Existential Threat
white-supremacist,2022-03-01,1937,65,0.03355704697986577,Existential Threat
white-supremacist,2022-04-01,1502,41,0.02729693741677763,Existential Threat
white-supremacist,2022-05-01,2712,39,0.014380530973451327,Existential Threat
white-supremacist,2022-06-01,9349,93,0.009947587977323778,Existential Threat
white-supremacist,2022-07-01,5918,62,0.010476512335248395,Existential Threat
white-supremacist,2022-08-01,5915,59,0.009974640743871513,Existential Threat
white-supremacist,2022-09-01,4387,64,0.014588557100524277,Existential Threat
white-supremacist,2022-10-01,7552,80,0.01059322033898305,Existential Threat
white-supremacist,2022-11-01,7620,64,0.008398950131233596,Existential Threat
white-supremacist,2022-12-01,8049,50,0.006211951795254069,Existential Threat
white-supremacist,2023-01-01,11728,79,0.006736016371077762,Existential Threat
white-supremacist,2023-02-01,9086,62,0.0068236847897864845,Existential Threat
white-supremacist,2023-03-01,8760,81,0.009246575342465754,Existential Threat
white-supremacist,2023-04-01,7765,33,0.004249839021249195,Existential Threat
white-supremacist,2023-05-01,8631,43,0.004982041478391843,Existential Threat
white-supremacist,2023-06-01,10899,57,0.005229837599779796,Existential Threat
white-supremacist,2023-07-01,21418,98,0.00457559062470819,Existential Threat
white-supremacist,2023-08-01,22276,70,0.003142395403124439,Existential Threat
white-supremacist,2023-09-01,22829,72,0.0031538832187130404,Existential Threat
white-supremacist,2023-10-01,19700,84,0.004263959390862944,Existential Threat
white-supremacist,2023-11-01,19746,68,0.003443735440089132,Existential Threat
white-supremacist,2023-12-01,17594,48,0.002728202796407866,Existential Threat
white-supremacist,2024-01-01,12950,51,0.003938223938223938,Existential Threat
white-supremacist,2024-02-01,16553,69,0.004168428683622304,Existential Threat
white-supremacist,2024-03-01,23299,78,0.0033477831666595135,Existential Threat
white-supremacist,2024-04-01,14647,74,0.005052229125418174,Existential Threat
white-supremacist,2024-05-01,1172,9,0.007679180887372013,Existential Threat
white-supremacist,2024-06-01,9,0,0,Existential Threat
white-supremacist,2024-07-01,5,3,0.6,Existential Threat
white-supremacist,2024-08-01,48,3,0.0625,Existential Threat
764,2021-08-01,1,1,1,Outgroup Othering
764,2021-09-01,1,0,0,Outgroup Othering
764,2021-10-01,3,0,0,Outgroup Othering
764,2021-11-01,25,5,0.2,Outgroup Othering
764,2021-12-01,48,14,0.2916666666666667,Outgroup Othering
764,2022-01-01,164,13,0.07926829268292683,Outgroup Othering
764,2022-02-01,79,11,0.13924050632911392,Outgroup Othering
764,2022-03-01,25,2,0.08,Outgroup Othering
764,2022-04-01,26988,1868,0.0692159478286646,Outgroup Othering
764,2022-05-01,12855,1344,0.10455075845974329,Outgroup Othering
764,2022-06-01,54200,4192,0.07734317343173432,Outgroup Othering
764,2022-07-01,35864,2810,0.07835155030113763,Outgroup Othering
764,2022-08-01,18875,1453,0.07698013245033113,Outgroup Othering
764,2022-09-01,5692,435,0.0764230498945889,Outgroup Othering
764,2022-10-01,3523,314,0.08912858359352824,Outgroup Othering
764,2022-11-01,1747,185,0.10589582140812821,Outgroup Othering
764,2022-12-01,3925,554,0.14114649681528663,Outgroup Othering
764,2023-01-01,439,33,0.07517084282460136,Outgroup Othering
764,2023-02-01,1473,127,0.08621860149355058,Outgroup Othering
764,2023-03-01,46581,3727,0.08001116334986368,Outgroup Othering
764,2023-04-01,43215,3866,0.08945967835242392,Outgroup Othering
764,2023-05-01,10,4,0.4,Outgroup Othering
764,2023-06-01,44064,3846,0.08728213507625272,Outgroup Othering
terrorgram,2020-07-01,22,10,0.45454545454545453,Outgroup Othering
terrorgram,2020-08-01,265,142,0.5358490566037736,Outgroup Othering
terrorgram,2020-09-01,174,71,0.40804597701149425,Outgroup Othering
terrorgram,2020-10-01,25,13,0.52,Outgroup Othering
terrorgram,2020-11-01,1,0,0,Outgroup Othering
terrorgram,2020-12-01,1,0,0,Outgroup Othering
terrorgram,2021-03-01,62,47,0.7580645161290323,Outgroup Othering
terrorgram,2021-04-01,5,2,0.4,Outgroup Othering
terrorgram,2021-05-01,2,2,1,Outgroup Othering
terrorgram,2021-06-01,1,1,1,Outgroup Othering
terrorgram,2021-07-01,15,11,0.7333333333333333,Outgroup Othering
terrorgram,2021-08-01,1,1,1,Outgroup Othering
terrorgram,2021-09-01,4,1,0.25,Outgroup Othering
terrorgram,2021-10-01,6,1,0.16666666666666666,Outgroup Othering
terrorgram,2021-11-01,1,1,1,Outgroup Othering
terrorgram,2021-12-01,15,7,0.4666666666666667,Outgroup Othering
terrorgram,2022-01-01,784,100,0.12755102040816327,Outgroup Othering
terrorgram,2022-02-01,2060,289,0.14029126213592233,Outgroup Othering
terrorgram,2022-03-01,329,76,0.23100303951367782,Outgroup Othering
terrorgram,2022-04-01,764,121,0.15837696335078533,Outgroup Othering
terrorgram,2022-05-01,545,105,0.1926605504587156,Outgroup Othering
terrorgram,2022-06-01,492,82,0.16666666666666666,Outgroup Othering
terrorgram,2022-07-01,652,110,0.1687116564417178,Outgroup Othering
terrorgram,2022-08-01,1059,173,0.16336166194523136,Outgroup Othering
terrorgram,2022-09-01,9522,1639,0.17212770426381013,Outgroup Othering
terrorgram,2022-10-01,6421,1197,0.18641956081607225,Outgroup Othering
terrorgram,2022-11-01,7819,1669,0.21345440593426268,Outgroup Othering
terrorgram,2022-12-01,14321,2518,0.17582571049507717,Outgroup Othering
terrorgram,2023-01-01,13184,2405,0.18241808252427186,Outgroup Othering
terrorgram,2023-02-01,8786,909,0.10346005007967221,Outgroup Othering
terrorgram,2023-03-01,12687,838,0.06605186411287145,Outgroup Othering
terrorgram,2023-04-01,5956,639,0.10728676964405641,Outgroup Othering
terrorgram,2023-05-01,718,167,0.23259052924791088,Outgroup Othering
terrorgram,2023-06-01,704,223,0.31676136363636365,Outgroup Othering
terrorgram,2023-07-01,1004,238,0.23705179282868527,Outgroup Othering
terrorgram,2023-08-01,725,172,0.23724137931034484,Outgroup Othering
terrorgram,2023-09-01,891,198,0.2222222222222222,Outgroup Othering
terrorgram,2023-10-01,1459,616,0.42220699108978754,Outgroup Othering
terrorgram,2023-11-01,621,246,0.3961352657004831,Outgroup Othering
terrorgram,2023-12-01,1484,325,0.21900269541778974,Outgroup Othering
terrorgram,2024-01-01,4454,1431,0.32128423888639424,Outgroup Othering
terrorgram,2024-02-01,4054,1264,0.3117908238776517,Outgroup Othering
terrorgram,2024-03-01,2726,932,0.3418928833455613,Outgroup Othering
terrorgram,2024-04-01,3135,1070,0.3413078149920255,Outgroup Othering
terrorgram,2024-05-01,4222,1276,0.30222643297015633,Outgroup Othering
terrorgram,2024-06-01,132,2,0.015151515151515152,Outgroup Othering
terrorgram,2024-07-01,1351,149,0.11028867505551443,Outgroup Othering
white-supremacist,2021-03-01,1549,557,0.35958683021304066,Outgroup Othering
white-supremacist,2021-04-01,1944,673,0.3461934156378601,Outgroup Othering
white-supremacist,2021-05-01,3831,1237,0.3228921952492822,Outgroup Othering
white-supremacist,2021-06-01,2461,765,0.3108492482730597,Outgroup Othering
white-supremacist,2021-07-01,1498,481,0.3210947930574099,Outgroup Othering
white-supremacist,2021-08-01,1599,543,0.3395872420262664,Outgroup Othering
white-supremacist,2021-09-01,1770,510,0.288135593220339,Outgroup Othering
white-supremacist,2021-10-01,1638,586,0.35775335775335776,Outgroup Othering
white-supremacist,2021-11-01,2454,774,0.3154034229828851,Outgroup Othering
white-supremacist,2021-12-01,2223,639,0.2874493927125506,Outgroup Othering
white-supremacist,2022-01-01,2049,642,0.31332357247437775,Outgroup Othering
white-supremacist,2022-02-01,1648,550,0.3337378640776699,Outgroup Othering
white-supremacist,2022-03-01,1936,639,0.3300619834710744,Outgroup Othering
white-supremacist,2022-04-01,1502,446,0.2969374167776298,Outgroup Othering
white-supremacist,2022-05-01,2713,576,0.2123110947290822,Outgroup Othering
white-supremacist,2022-06-01,9351,1861,0.1990161480055609,Outgroup Othering
white-supremacist,2022-07-01,5917,1095,0.18505999661990874,Outgroup Othering
white-supremacist,2022-08-01,5914,1179,0.19935745688197498,Outgroup Othering
white-supremacist,2022-09-01,4386,826,0.1883264933880529,Outgroup Othering
white-supremacist,2022-10-01,7554,1178,0.15594387079692879,Outgroup Othering
white-supremacist,2022-11-01,7621,1181,0.15496653982417005,Outgroup Othering
white-supremacist,2022-12-01,8050,1124,0.13962732919254658,Outgroup Othering
white-supremacist,2023-01-01,11731,1828,0.1558264427585031,Outgroup Othering
white-supremacist,2023-02-01,9086,1598,0.17587497248514197,Outgroup Othering
white-supremacist,2023-03-01,8760,1292,0.14748858447488583,Outgroup Othering
white-supremacist,2023-04-01,7767,953,0.12269859662675421,Outgroup Othering
white-supremacist,2023-05-01,8629,1038,0.12029203847491018,Outgroup Othering
white-supremacist,2023-06-01,10900,1599,0.146697247706422,Outgroup Othering
white-supremacist,2023-07-01,21418,3240,0.151274628816883,Outgroup Othering
white-supremacist,2023-08-01,22278,3174,0.14247239429033126,Outgroup Othering
white-supremacist,2023-09-01,22827,3385,0.14828930652297717,Outgroup Othering
white-supremacist,2023-10-01,19701,3492,0.17724988579259937,Outgroup Othering
white-supremacist,2023-11-01,19747,3545,0.1795209398896035,Outgroup Othering
white-supremacist,2023-12-01,17595,2983,0.1695368002273373,Outgroup Othering
white-supremacist,2024-01-01,12950,2189,0.16903474903474902,Outgroup Othering
white-supremacist,2024-02-01,16552,2856,0.17254712421459642,Outgroup Othering
white-supremacist,2024-03-01,23303,3473,0.14903660472900485,Outgroup Othering
white-supremacist,2024-04-01,14651,1969,0.1343935567538052,Outgroup Othering
white-supremacist,2024-05-01,1172,191,0.16296928327645052,Outgroup Othering
white-supremacist,2024-06-01,9,2,0.2222222222222222,Outgroup Othering
white-supremacist,2024-07-01,5,4,0.8,Outgroup Othering
white-supremacist,2024-08-01,48,11,0.22916666666666666,Outgroup Othering
